image,tag,
UT32-15D_05_13_2015 (3).JPG,scavenging arm; exposed bone arm,
UT32-15D_05_13_2015 (5).JPG,scavenging arm; exposed bone arm,
UT32-15D_05_13_2015 (7).JPG,scavenging arm; exposed bone arm,
UT32-15D_05_13_2015 (23).JPG,scavenging arm; exposed bone arm,
UT32-15D_05_13_2015 (27).JPG,exposed bone arm; scavenging arm,
UT32-15D_05_13_2015 (29).JPG,scavenging hand,
UT32-15D_05_13_2015 (45).JPG,scavenging leg,
UT32-15D_05_13_2015 (3).JPG,scavenging leg,
UT32-15D_05_13_2015 (7).JPG,scavenging leg,
UT32-15D_05_13_2015 (9).JPG,scavenging leg,
UT32-15D_05_13_2015 (9).JPG,scavenging leg,
UT32-15D_05_13_2015 (33).JPG,scavenging leg,
UT32-15D_05_13_2015 (51).JPG,scavenging leg,
UT32-15D_05_13_2015 (51).JPG,scavenging arm; exposed bone arm,
UT32-15D_05_14_2015 (2).JPG,scavenging arm; exposed bone arm,
UT32-15D_05_14_2015 (2).JPG,scavenging leg,
UT32-15D_05_14_2015 (3).JPG,scavenging arm; exposed bone arm,
UT32-15D_05_14_2015 (12).JPG,scavenging arm; exposed bone arm,
UT32-15D_05_14_2015 (14).JPG,exposed bone arm; scavenging arm,
UT32-15D_05_14_2015 (5).JPG,scavenging leg; exposed bone leg,
UT32-15D_05_14_2015 (15).JPG,scavenging hand,
UT32-15D_05_14_2015 (16).JPG,scavenging leg; exposed bone leg,
UT32-15D_05_14_2015 (20).JPG,scavenging leg; exposed bone leg,
UT32-15D_05_14_2015 (21).JPG,scavenging leg; adult flies,
UT32-15D_05_14_2015 (22).JPG,scavenging leg; exposed bone leg,
UT32-15D_05_14_2015 (23).JPG,adult flies;scavenging leg; skin slippage leg; exposed bone leg, 
UT32-15D_05_14_2015 (26).JPG,skin slippage arm; scavenging arm; exposed bone arm,
UT32-15D_05_14_2015 (26).JPG,scavenging leg; exposed bone leg,
UT28-15D_05_09_2015 (9).JPG,scavenging arm,
UT28-15D_05_09_2015 (7).JPG,scavenging arm,
UT28-15D_05_09_2015 (6).JPG,scavenging arm,
UT28-15D_05_09_2015 (11).JPG,scavenging arm,
UT28-15D_05_09_2015 (17).JPG,scavenging arm,
UT28-15D_05_09_2015 (19).JPG,scavenging arm,
UT28-15D_05_09_2015 (21).JPG,scavenging arm,
UT28-15D_05_09_2015 (25).JPG,scavenging arm  adult flies,
UT28-15D_05_09_2015 (29).JPG,scavenging arm  adult flies  eggs arm,
UT28-15D_05_09_2015 (31).JPG,scavenging arm  adult flies  eggs arm  egg mass hand,
UT28-15D_05_09_2015 (35).JPG,scavenging arm  adult flies  eggs arm,
UT28-15D_05_09_2015 (37).JPG,scavenging arm,
UT28-15D_05_09_2015 (39).JPG,scavenging arm,
UT28-15D_05_09_2015 (55).JPG,scavenging arm,
UT28-15D_05_10_2015 (5).JPG,scavenging arm,
UT28-15D_05_10_2015 (7).JPG,skin slippage arm  scavenging arm  larvae arm,
UT28-15D_05_10_2015 (9).JPG,skin slippage arm  larvae arm  scavenging arm,
UT28-15D_05_10_2015 (17).JPG,scavenging arm,
UT28-15D_05_10_2015 (23).JPG,scavenging arm  larvae arm  maggots  adult flies,
UT28-15D_05_10_2015 (25).JPG,scavenging arm  maggots  larvae arm  adult flies,
UT28-15D_05_10_2015 (31).JPG,scavenging arm,
UT28-15D_05_10_2015 (35).JPG,scavenging arm  adult flies,
UT28-15D_05_10_2015 (38).JPG,scavenging arm  egg mass hand  larvae  maggots,
UT28-15D_05_10_2015 (41).JPG,scavenging arm  adult flies,
UT28-15D_05_10_2015 (50).JPG,scavenging leg  adult flies  eggs leg,
UT28-15D_05_10_2015 (55).JPG,scavenging arm  skin slippage arm  larvae arm,
UT28-15D_05_10_2015 (57).JPG,skin slippage arm  larvae arm  scavenging arm  egg mass hand,
UT11-15D_04_10_2015 (3).JPG,scavenging leg  exposed bone leg,
UT11-15D_04_10_2015 (7).JPG,scavenging leg  exposed bone,
UT11-15D_04_10_2015 (9).JPG,scavenging leg  exposed bone leg,
UT11-15D_04_10_2015 (19).JPG,scavenging arm  larvae arm,
UT11-15D_04_10_2015 (21).JPG,scavenging arm  larvae arm,
UT11-15D_04_10_2015 (23).JPG,scavenging arm  larvae arm,
UT11-15D_04_10_2015 (27).JPG,scavenging arm  larvae arm,
UT11-15D_04_10_2015 (29).JPG,scavenging arm  larvae arm,
UT11-15D_04_10_2015 (31).JPG,scavenging arm  larvae arm,
UT11-15D_04_10_2015 (35).JPG,scavenging arm,
UT11-15D_04_10_2015 (47).JPG,scavenging leg  exposed bone leg  larvae leg,
UT11-15D_04_10_2015 (49).JPG,scavenging leg  exposed bone leg  larvae leg,
UT11-15D_04_10_2015 (51).JPG,scavenging leg  exposed bone leg  larvae leg,
UT11-15D_04_10_2015 (59).JPG,scavenging leg  larvae leg,
UT11-15D_04_11_2015 (5).JPG,scavenging arm  larvae arm  adult flies,
UT11-15D_04_11_2015 (7).JPG,scavenging arm  adult flies  larvae arm,
UT11-15D_04_11_2015 (7).JPG,scavenging leg  exposed bone leg,
UT11-15D_04_11_2015 (17).JPG,scavenging arm,
UT11-15D_04_11_2015 (19).JPG,scavenging arm  larvae arm,
UT11-15D_04_11_2015 (25).JPG,scavenging arm  larvae arm,
UT11-15D_04_11_2015 (27).JPG,scavenging arm  larvae arm,
UT11-15D_04_11_2015 (29).JPG,scavenging arm,
UT11-15D_04_11_2015 (33).JPG,scavenging arm  larvae arm,
UT11-15D_04_11_2015 (39).JPG,scavenging leg  larvae leg,
UT11-15D_04_11_2015 (43).JPG,scavenging leg,
UT11-15D_04_11_2015 (45).JPG,scavenging leg  larvae leg,
UT11-15D_04_11_2015 (49).JPG,scavenging leg  exposed bone leg,
UT11-15D_04_11_2015 (50).JPG,scavenging leg  exposed bone leg  larvae  purge fluid,
UT11-15D_04_11_2015 (53).JPG,scavenging leg  exposed bone leg  larvae leg,
UT23-15D_07_07_2015 (1).JPG,scavenging leg,
UT23-15D_07_06_2015 (4).JPG,scavenging arm  exposed bone arm  mummified,
UT23-15D_07_06_2015 (6).JPG,scavenging leg  exposed bone leg  adipocere  mummified,
UT23-15D_07_06_2015 (7).JPG,scavenging arm  exposed bone arm  adipocere  mummified,
UT23-15D_07_06_2015 (8).JPG,scavenging arm  exposed bone arm  adipocere  mummified,
UT23-15D_07_06_2015 (9).JPG,scavenging arm  adipocere  mummified,
UT23-15D_07_07_2015 (10).JPG,scavenging arm,
UT23-15D_07_07_2015 (12).JPG,scavenging arm  adipocere  mummified,
UT23-15D_07_07_2015 (14).JPG,scavenging leg,
UT23-15D_07_07_2015 (18).JPG,scavenging leg  exposed bone leg  adipocere  mummified,
UT23-15D_07_07_2015 (19).JPG,scavenging leg  exposed bone leg  mummified  adipocere,
UT23-15D_07_06_2015 (11).JPG,scavenging arm,
UT23-15D_07_06_2015 (13).JPG,scavenging arm,
UT23-15D_07_06_2015 (14).JPG,scavenging arm,
UT23-15D_07_06_2015 (2).JPG,exposed bone arm  scavenging arm,
UT23-15D_07_06_2015 (2).JPG,scavenging leg,
UT23-15D_07_06_2015 (15).JPG,scavenging leg,
UT23-15D_07_06_2015 (19).JPG,scavenging leg,
UT23-15D_07_06_2015 (20).JPG,scavenging leg  adipocere  exposed bone leg,
UT23-15D_07_06_2015 (21).JPG,scavenging arm,
UT23-15D_07_06_2015 (23).JPG,scavenging leg,
UT23-15D_07_06_2015 (24).JPG,scavenging leg  exposed bone leg,
UT23-15D_07_06_2015 (27).JPG,scavenging leg  exposed bone leg,
UT23-15D_07_07_2015 (20).JPG,scavenging arm,
UT23-15D_07_07_2015 (8).JPG,scavenging arm,
UT23-15D_07_07_2015 (7).JPG,scavenging arm  exposed bone arm,
UT23-15D_07_07_2015 (6).JPG,scavenging arm  exposed bone arm,
UT23-15D_07_07_2015 (5).JPG,scavenging leg  adipocere,
UT23-15D_07_07_2015 (4).JPG,scavenging leg  adipocere,
UT23-15D_07_07_2015 (4).JPG,exposed bone arm  scavenging arm,
UT23-15D_07_07_2015 (29).JPG,scavenging leg  exposed bone leg  adipocere,
UT23-15D_07_07_2015 (32).JPG,scavenging arm  exposed bone arm,
UT23-15D_07_07_2015 (32).JPG,scavenging leg,
UT01-15D_09_10_2015 (3.JPG,scavenging arm,
UT01-15D_09_10_2015 (24.JPG,scavenging arm,
UT01-15D_09_10_2015 (41.JPG,scavenging arm,
UT01-15D_09_10_2015 (57.JPG,scavenging arm,
UT01-15D_09_10_2015 (61.JPG,scavenging arm,
UT04-15D_03_18_2015 (5).JPG,scavenging arm,
UT04-15D_03_18_2015 (7).JPG,scavenging arm,
UT04-15D_03_18_2015 (9).JPG,scavenging arm,
UT04-15D_03_18_2015 (27).JPG,scavenging arm,
UT04-15D_03_18_2015 (29).JPG,scavenging arm,
UT04-15D_03_18_2015 (31).JPG,scavenging arm,
UT04-15D_03_18_2015 (33).JPG,scavenging arm,
UT04-15D_03_18_2015 (39).JPG,scavenging leg,
UT04-15D_03_18_2015 (45).JPG,scavenging leg,
UT04-15D_03_18_2015 (55).JPG,scavenging leg,
UT04-15D_03_18_2015 (55).JPG,scavenging arm,
UT04-15D_03_21_2015 (5).JPG,scavenging arm,
UT04-15D_03_21_2015 (5).JPG,scavenging leg,
UT04-15D_03_21_2015 (7).JPG,scavenging arm,
UT04-15D_03_21_2015 (7).JPG,scavenging leg,
UT04-15D_03_21_2015 (9).JPG,scavenging leg,
UT04-15D_03_21_2015 (11).JPG,scavenging leg,
UT04-15D_03_21_2015 (29).JPG,scavenging arm,
UT04-15D_03_21_2015 (32).JPG,scavenging arm,
UT04-15D_03_21_2015 (33).JPG,scavenging arm,
UT04-15D_03_21_2015 (37).JPG,scavenging arm,
UT04-15D_03_21_2015 (41).JPG,scavenging arm,
UT04-15D_03_21_2015 (47).JPG,scavenging leg,
UT04-15D_03_21_2015 (49).JPG,scavenging leg,
UT04-15D_03_21_2015 (55).JPG,scavenging leg,
UT04-15D_03_21_2015 (65).JPG,scavenging arm,
UT04-15D_03_21_2015 (65).JPG,scavenging leg,
UT04-15D_03_21_2015 (67).JPG,scavenging leg,
UT05-15D_05_01_2015 (47).JPG,scavenging leg,
UT05-15D_05_01_2015 (46).JPG,scavenging leg,
UT05-15D_05_01_2015 (48).JPG,scavenging leg,
UT05-15D_05_01_2015 (55).JPG,scavenging leg,
UT05-15D_05_01_2015 (56).JPG,scavenging leg,
UT05-15D_05_01_2015 (57).JPG,scavenging leg,
UT04-15D_03_16_2015 (5).JPG,scavenging arm,
UT04-15D_03_16_2015 (6).JPG,scavenging arm,
UT04-15D_03_16_2015 (7).JPG,scavenging arm,
UT04-15D_03_16_2015 (8).JPG,scavenging arm,
UT04-15D_03_16_2015 (9).JPG,scavenging leg,
UT04-15D_03_16_2015 (9).JPG,scavenging arm,
UT04-15D_03_16_2015 (11).JPG,scavenging leg,
UT04-15D_03_16_2015 (12).JPG,scavenging leg,
UT04-15D_03_16_2015 (17).JPG,scavenging leg,
UT04-15D_03_16_2015 (21).JPG,scavenging arm,
UT04-15D_03_16_2015 (22).JPG,scavenging arm,
UT04-15D_03_16_2015 (23).JPG,scavenging arm,
UT04-15D_03_16_2015 (24).JPG,scavenging arm,
UT04-15D_03_16_2015 (25).JPG,scavenging arm,
UT04-15D_03_16_2015 (26).JPG,scavenging arm,
UT04-15D_03_16_2015 (27).JPG,scavenging arm,
UT04-15D_03_16_2015 (28).JPG,scavenging arm,
UT04-15D_03_16_2015 (35).JPG,scavenging arm,
UT04-15D_03_16_2015 (36).JPG,scavenging arm,
UT04-15D_03_16_2015 (41).JPG,scavenging leg,
UT04-15D_03_16_2015 (42).JPG,scavenging leg,
UT04-15D_03_16_2015 (43).JPG,scavenging leg,
UT04-15D_03_16_2015 (44).JPG,scavenging leg,
UT04-15D_03_16_2015 (60).JPG,scavenging leg,
UT04-15D_03_16_2015 (60).JPG,scavenging arm,
UT04-15D_03_16_2015 (45).JPG,scavenging leg,
UT04-15D_03_16_2015 (62).JPG,scavenging leg,
UT04-15D_03_16_2015 (62).JPG,scavenging arm,
UT08-15D_03_30_2015 (5).JPG,scavenging leg,
UT08-15D_03_30_2015 (6).JPG,scavenging leg,
UT08-15D_03_30_2015 (6).JPG,scavenging trunk,
UT08-15D_03_30_2015 (65).JPG,scavenging leg,
UT08-15D_03_30_2015 (65).JPG,scavenging trunk,
UT08-15D_03_30_2015 (7).JPG,scavenging trunk,
UT08-15D_03_30_2015 (8).JPG,scavenging trunk,
UT08-15D_03_30_2015 (9).JPG,scavenging trunk,
UT08-15D_03_30_2015 (9).JPG,scavenging leg,
UT08-15D_03_30_2015 (64).JPG,scavenging leg,
UT08-15D_03_30_2015 (64).JPG,scavenging trunk,
UT08-15D_03_30_2015 (60).JPG,scavenging leg,
UT08-15D_03_30_2015 (61).JPG,scavenging trunk,
UT08-15D_03_30_2015 (62).JPG,scavenging trunk,
UT08-15D_03_30_2015 (63).JPG,scavenging leg,
UT08-15D_03_30_2015 (63).JPG,scavenging trunk,
UT08-15D_03_30_2015 (10).JPG,scavenging trunk,
UT08-15D_03_30_2015 (10).JPG,scavenging leg,
UT08-15D_03_30_2015 (11).JPG,scavenging leg,
UT08-15D_03_30_2015 (12).JPG,scavenging leg,
UT08-15D_03_30_2015 (17).JPG,scavenging trunk,
UT08-15D_03_30_2015 (18).JPG,scavenging trunk,
UT08-15D_03_30_2015 (27).JPG,scavenging trunk,
UT08-15D_03_30_2015 (28).JPG,scavenging trunk,
UT08-15D_03_30_2015 (35).JPG,scavenging trunk,
UT08-15D_03_30_2015 (36).JPG,scavenging trunk,
UT08-15D_03_30_2015 (37).JPG,scavenging trunk,
UT08-15D_03_30_2015 (38).JPG,scavenging trunk,
UT08-15D_03_30_2015 (39).JPG,scavenging trunk,
UT08-15D_03_30_2015 (40).JPG,scavenging trunk,
UT08-15D_03_30_2015 (41).JPG,scavenging trunk,
UT08-15D_03_30_2015 (42).JPG,scavenging trunk,
UT08-15D_03_30_2015 (43).JPG,scavenging leg,
UT08-15D_03_30_2015 (44).JPG,scavenging leg,
UT08-15D_03_30_2015 (45).JPG,scavenging leg,
UT08-15D_03_30_2015 (46).JPG,scavenging leg,
UT08-15D_03_30_2015 (51).JPG,scavenging leg,
UT08-15D_03_30_2015 (52).JPG,scavenging leg,
UT08-15D_03_30_2015 (59).JPG,scavenging leg,
UT46-15D_07_23_2015 (23).JPG,scavenging head,
UT46-15D_07_23_2015 (23).JPG,scavenging hand,
UT11-15D_04_06_2015 (3).JPG,scavenging leg,
UT11-15D_03_09_2015 (3).JPG,scavenging,
UT11-15D_03_09_2015 (7).JPG,scavenging,
UT11-15D_03_09_2015 (9).JPG,scavenging leg,
UT60-15D_10_14_2015 (13.JPG,scavenging,
UT60-15D_10_14_2015 (13.JPG,scavenging,
UT30-15D_06_30_2015 (13).JPG,scavenging,
UT30-15D_06_11_2015 (9).JPG,scavenging,
UT30-15D_06_06_2015 (13).JPG,scavenging,
UT30-15D_06_06_2015 (4).JPG,scavenging right arm,
UT60-15D_10_10_2015 (10.JPG,scavenging left arm,
UT60-15D_10_12_2015 (8.JPG,scavenging left arm,
UT68-15D_02_04_2016 (43).JPG,scavenging,
UT68-15D_03_03_2016 (16).JPG,scavenging,
UT01-16D_04_23_2016 (10).JPG,scavenging,
UT01-16D_04_23_2016 (11).JPG,scavenging,
UT75-15D_02_24_2016 (33).JPG,scavenging,
UT01-16D_04_23_2016 (9).JPG,scavenging,
UT01-16D_02_04_2016 (28).JPG,raccoon scavenging right leg,
UT01-16D_02_04_2016 (28).JPG,raccoon scavenging left arm,
UT01-16D_02_09_2016 (3).JPG,raccoon scavenging left arm,
UT01-16D_02_09_2016 (3).JPG,raccoon scavenging right leg,
UT01-16D_02_09_2016 (3).JPG,raccoon scavenging left leg,
UT01-16D_02_16_2016 (16).JPG,raccoon scavenging right leg,
UT01-16D_02_16_2016 (16).JPG,raccoon scavenging left leg,
UT01-16D_02_16_2016 (16).JPG,raccoon scavenging right arm,
UT01-16D_02_16_2016 (16).JPG,raccoon scavenging left arm,
UT01-16D_02_27_2016 (32).JPG,raccoon scavenging left arm,
UT01-16D_02_27_2016 (32).JPG,raccoon scavenging right leg,
UT01-16D_02_27_2016 (32).JPG,raccoon scavenging left leg,
UT01-16D_03_20_2016 (6).JPG,bone exposure raccoon scavenging right leg,
UT02-16D_02_29_2016 (30).JPG,raccoon scavenging left arm,
UT12-15D_03_09_2015 (3).JPG,scavenging,
UT12-15D_03_09_2015 (3).JPG,scavenging,
UT65-15D_02_05_2016 (27).JPG,validate scavenging 0.94880337 YES,
UT75-15D_03_05_2016 (40).JPG,validate scavenging 0.78431046 YES,
UT66-16D_09_18_2016 (14).JPG,validate scavenging 0.97468096 YES,
UT01-16D_02_06_2016 (38).JPG,validate scavenging 0.80190963 YES,
UT04-16D_04_02_2016 (9).JPG,validate scavenging 0.9062919 YES,
UT59-15D_07_31_2016 (3).JPG,scavenging,
UT59-15D_07_31_2016 (3).JPG,scavenging,
UT66-16D_09_18_2016 (14).JPG,scavenging,
UT66-16D_09_18_2016 (14).JPG,scavenging,
UT66-16D_09_18_2016 (14).JPG,scavenging,
UT66-16D_10_04_2016 (38).JPG,scavenging,
UT66-16D_10_04_2016 (38).JPG,scavenging,
UT66-16D_10_04_2016 (38).JPG,scavenging,
UT66-16D_10_04_2016 (38).JPG,scavenging,
UT01-16D_02_06_2016 (38).JPG,scavenging,
UT01-16D_02_06_2016 (38).JPG,scavenging,
UT02-16D_05_13_2016 (27).JPG,scavenging,
UT03-16D_03_06_2016 (20).JPG,scavenging,
UT03-16D_03_06_2016 (20).JPG,scavenging,
UT03-16D_05_17_2016 (15).JPG,scavenging,
UT03-16D_05_17_2016 (15).JPG,scavenging,
UT03-16D_05_17_2016 (15).JPG,scavenging,
UT04-16D_04_02_2016 (9).JPG,scavenging,
UT20-15D_04_21_2016 (5).JPG,scavenging,
UT20-15D_04_21_2016 (5).JPG,scavenging,
UT75-15D_02_20_2016 (5).JPG,scavenging,
UT75-15D_02_20_2016 (5).JPG,scavenging,
UT75-15D_02_20_2016 (5).JPG,scavenging,
UT75-15D_02_24_2016 (33).JPG,scavenging,
UT10-16D_04_04_2016 (17).JPG,scavenging,
UT22-16D_06_21_2016 (27).JPG,scavenging,
UT20-15D_04_01_2016 (3).JPG,scavenging,
UT70-15D_02_08_2016 (47).JPG,scavenging,
UT70-15D_02_08_2016 (47).JPG,scavenging,
UT75-15D_03_05_2016 (40).JPG,scavenging,
UT62-16D_09_24_2016 (17).JPG,scavenging,
UT62-16D_09_24_2016 (17).JPG,scavenging,
UT07-16D_03_20_2016 (10).JPG,scavenging,
UT07-16D_03_20_2016 (10).JPG,scavenging,
UT07-16D_03_20_2016 (10).JPG,scavenging,
UT07-16D_03_20_2016 (17).JPG,scavenging,
UT07-16D_03_20_2016 (17).JPG,scavenging,
UT07-16D_03_20_2016 (17).JPG,scavenging,
UT07-16D_03_20_2016 (19).JPG,scavenging,
UT07-16D_03_20_2016 (21).JPG,scavenging,
UT07-16D_03_20_2016 (21).JPG,scavenging,
UT07-16D_03_20_2016 (22).JPG,scavenging,
UT07-16D_03_20_2016 (24).JPG,scavenging,
UT07-16D_03_20_2016 (26).JPG,scavenging,
UT07-16D_03_20_2016 (27).JPG,scavenging,
UT07-16D_03_20_2016 (27).JPG,scavenging,
UT07-16D_03_20_2016 (27).JPG,scavenging,
UT07-16D_03_20_2016 (27).JPG,scavenging,
UT07-16D_03_20_2016 (27).JPG,scavenging,
UT07-16D_03_20_2016 (28).JPG,scavenging,
UT07-16D_03_20_2016 (28).JPG,scavenging,
UT07-16D_03_20_2016 (28).JPG,scavenging,
UT07-16D_03_20_2016 (29).JPG,scavenging,
UT07-16D_03_20_2016 (29).JPG,scavenging,
UT07-16D_03_20_2016 (29).JPG,scavenging,
UT07-16D_03_20_2016 (29).JPG,scavenging,
UT07-16D_03_20_2016 (31).JPG,scavenging,
UT07-16D_03_20_2016 (31).JPG,scavenging,
UT07-16D_03_20_2016 (33).JPG,scavenging,
UT07-16D_03_20_2016 (33).JPG,scavenging,
UT07-16D_03_20_2016 (33).JPG,scavenging,
UT07-16D_03_20_2016 (33).JPG,scavenging,
UT07-16D_03_20_2016 (33).JPG,scavenging,
UT07-16D_03_20_2016 (33).JPG,scavenging,
UT07-16D_03_20_2016 (35).JPG,scavenging,
UT07-16D_03_20_2016 (35).JPG,scavenging,
UT07-16D_03_20_2016 (38).JPG,scavenging,
UT07-16D_03_20_2016 (39).JPG,scavenging,
UT07-16D_03_20_2016 (39).JPG,scavenging,
UT07-16D_03_20_2016 (40).JPG,scavenging,
UT07-16D_03_20_2016 (41).JPG,scavenging,
UT07-16D_03_20_2016 (43).JPG,scavenging,
UT07-16D_03_20_2016 (47).JPG,scavenging,
UT07-16D_03_20_2016 (49).JPG,scavenging,
UT07-16D_03_20_2016 (5).JPG,scavenging,
UT07-16D_03_20_2016 (5).JPG,scavenging,
UT07-16D_03_20_2016 (5).JPG,scavenging,
UT07-16D_03_20_2016 (5).JPG,scavenging,
UT07-16D_03_20_2016 (5).JPG,scavenging,
UT07-16D_03_20_2016 (50).JPG,scavenging,
UT07-16D_03_20_2016 (6).JPG,scavenging,
UT07-16D_03_20_2016 (8).JPG,scavenging,
UT07-16D_03_20_2016 (8).JPG,scavenging,
UT07-16D_03_20_2016 (8).JPG,scavenging,
UT07-16D_03_20_2016 (8).JPG,scavenging,
UT16-16D_03_31_2016 (13).JPG,scavenging,
UT16-16D_03_31_2016 (14).JPG,scavenging,
UT16-16D_03_31_2016 (16).JPG,scavenging,
UT16-16D_03_31_2016 (20).JPG,scavenging,
UT16-16D_03_31_2016 (21).JPG,scavenging,
UT16-16D_03_31_2016 (4).JPG,scavenging,
UT16-16D_03_31_2016 (7).JPG,scavenging,
UT16-16D_03_31_2016 (8).JPG,scavenging,
UT16-16D_03_31_2016 (9).JPG,scavenging,
UT89-12D_02_03_13 (26).JPG,scavenging,
UT59-15D_11_08_2015 (25.JPG,scavenging,
UT48-15D_11_07_2015 (10.JPG,scavenging,
UT48-15D_11_07_2015 (10.JPG,scavenging,
UT81-13D_04_04_14 (2).JPG,scavenging,
UT79-13D_01_26_14 (8).JPG,scavenging,
UT79-13D_01_26_14 (8).JPG,scavenging,
UT79-13D_01_26_14 (8).JPG,scavenging,
UT12-15D_04_28_2015 (6).JPG,scavenging,
UT12-15D_04_28_2015 (6).JPG,scavenging,
UT09-13D_03_30_13 (11).JPG,scavenging,
UT09-13D_03_30_13 (11).JPG,scavenging,
UT09-13D_03_30_13 (11).JPG,scavenging,
UT09-13D_03_30_13 (11).JPG,scavenging,
UT09-13D_03_30_13 (11).JPG,scavenging,
UT22-15D_07_10_2015 (17).JPG,scavenging,
UT78-13D_01_07_14 (21).JPG,scavenging,
UT78-13D_01_07_14 (21).JPG,scavenging,
UT71-15D_04_06_2016 (19).JPG,scavenging,
UT71-15D_04_06_2016 (19).JPG,scavenging,
UT79-13D_01_02_14 (32).JPG,scavenging,
UT09-12D_02_22_12 (14).JPG,scavenging,
UT79-13D_01_16_14 (41).JPG,scavenging,
UT79-13D_01_16_14 (41).JPG,scavenging,
UT78-13D_01_08_14 (10).JPG,scavenging,
UT33-13D_05_24_13 (15).JPG,scavenging,
UT33-13D_05_24_13 (15).JPG,scavenging,
UT26-16D_10_09_2016 (24).JPG,scavenging,
UT40-13D_07_03_13 (11).JPG,scavenging,
UT12-15D_03_16_2015 (20).JPG,scavenging,
UT78-13D_02_28_14 (21).JPG,scavenging,
UT31-13D_05_30_13 (7).JPG,scavenging,
UT31-13D_05_30_13 (7).JPG,scavenging,
UT79-13D_01_10_14 (7).JPG,scavenging,
UT79-13D_01_10_14 (7).JPG,scavenging,
UT39-15D_07_07_2015 (25).JPG,scavenging,
UT14-15D_03_10_2015 (42).JPG,scavenging,
UT14-15D_03_10_2015 (42).JPG,scavenging,
UT62-16D_09_26_2016 (18).JPG,scavenging,
UT08-15D_03_29_2015 (10).JPG,scavenging,
UT03-16D_02_22_2016 (51).JPG,scavenging,
UT58-15D_10_24_2015 (41).JPG,scavenging,
UT81-13D_03_16_14 (25).JPG,scavenging,
UT35-13D_06_18_13 (16).JPG,scavenging,
UT79-13D_03_27_14 (21).JPG,scavenging,
UT79-13D_01_26_14 (42).JPG,scavenging,
UT42-16D_08_28_2016 (62).JPG,scavenging,
UT22-15D_04_22_2015 (11).JPG,scavenging,
UT69-15D_01_28_2016 (16).JPG,scavenging,
UT69-15D_01_28_2016 (16).JPG,scavenging,
UT78-13D_01_27_14 (29).JPG,scavenging,
UT54-12D_07_18_12 (38).JPG,scavenging,
UT05-12D_03_10_12 (2).JPG,scavenging,
UT05-12D_03_10_12 (2).JPG,scavenging,
UT05-12D_03_10_12 (2).JPG,scavenging,
UT78-13D_02_12_14 (10).JPG,scavenging,
UT79-13D_02_14_14 (21).JPG,scavenging,
UT79-13D_02_14_14 (21).JPG,scavenging,
UT51-13D_10_18_13 (43).JPG,scavenging,
UT03-16D_02_18_2016 (12).JPG,scavenging,
UT03-16D_02_18_2016 (12).JPG,scavenging,
UT103-14D_03_10_2015 (62).JPG,scavenging,
UT56-13D_10_04_13 (5).JPG,scavenging,
UT56-13D_10_04_13 (5).JPG,scavenging,
UT56-13D_10_04_13 (5).JPG,scavenging,
UT01-14D_03_05_14 (29).JPG,scavenging,
UT01-14D_03_05_14 (29).JPG,scavenging,
UT88-12D_02_24_13 (8).JPG,scavenging,
UT40-16D_06_13_2016 (13).JPG,scavenging,
UT40-16D_06_13_2016 (13).JPG,scavenging,
UT67-13D_11_14_13 (20).JPG,scavenging,
UT45-16D_07_11_2016 (15).JPG,scavenging,
UT58-15D_11_09_2015 (19).JPG,scavenging,
UT58-15D_11_09_2015 (19).JPG,scavenging,
UT58-15D_11_09_2015 (19).JPG,scavenging,
UT78-13D_01_15_14 (27).JPG,scavenging,
UT74-13D_12_05_13 (11).JPG,scavenging,
UT46-13D_07_26_13 (24).JPG,scavenging,
UT46-13D_07_26_13 (24).JPG,scavenging,
UT63-12D_10_03_12 (36).JPG,scavenging,
UT84-12D_12_31_12 (11).JPG,scavenging,
UT84-12D_12_31_12 (11).JPG,scavenging,
UT84-12D_12_31_12 (11).JPG,scavenging,
UT63-16D_09_18_2016 (14).JPG,scavenging,
UT76-12D_11_28_12 (16).JPG,scavenging,
UT76-12D_11_28_12 (16).JPG,scavenging,
UT47-15D_11_02_2015 (32.JPG,scavenging,
UT49-13D_11_20_13 (37).JPG,scavenging,
UT23-15D_07_07_2015 (1).JPG,mummified,
UT23-15D_07_07_2015 (2).JPG,mummified,
UT23-15D_07_06_2015 (3).JPG,mummified  adipocere  exposed bone arm,
UT23-15D_07_06_2015 (4).JPG,scavenging arm  exposed bone arm  mummified,
UT23-15D_07_06_2015 (5).JPG,adipocere  mummified,
UT23-15D_07_06_2015 (6).JPG,scavenging leg  exposed bone leg  adipocere  mummified,
UT23-15D_07_06_2015 (7).JPG,scavenging arm  exposed bone arm  adipocere  mummified,
UT23-15D_07_06_2015 (8).JPG,scavenging arm  exposed bone arm  adipocere  mummified,
UT23-15D_07_06_2015 (9).JPG,scavenging arm  adipocere  mummified,
UT23-15D_07_07_2015 (10).JPG,mummified,
UT23-15D_07_07_2015 (12).JPG,scavenging arm  adipocere  mummified,
UT23-15D_07_07_2015 (14).JPG,mummified  adipocere,
UT23-15D_07_07_2015 (16).JPG,adipocere leg  mummified,
UT23-15D_07_07_2015 (18).JPG,scavenging leg  exposed bone leg  adipocere  mummified,
UT23-15D_07_07_2015 (19).JPG,scavenging leg  exposed bone leg  mummified  adipocere,
UT23-15D_07_06_2015 (11).JPG,mummified,
UT23-15D_07_06_2015 (2).JPG,mummified  adipocere,
UT23-15D_07_06_2015 (23).JPG,adipocere  mummified,
UT23-15D_07_06_2015 (24).JPG,mummified,
UT23-15D_07_07_2015 (5).JPG,mummified,
UT23-15D_07_07_2015 (4).JPG,mummified,
UT23-15D_07_07_2015 (26).JPG,mummified  adipocere,
UT23-15D_07_07_2015 (28).JPG,mummified  adipocere,
UT23-15D_07_07_2015 (29).JPG,mummified,
UT23-15D_07_07_2015 (32).JPG,mummified,
UT23-15D_07_07_2015 (33).JPG,mummified,
UT72-15D_04_22_2016 (2).JPG,mummified  adipocere,
UT72-15D_04_22_2016 (4).JPG,mummified,
UT72-15D_04_22_2016 (5).JPG,mummified,
UT67-14D_11_08_2014 (7).JPG,mummified tissue,
UT67-14D_11_08_2014 (9).JPG,mummified tissue,
UT67-14D_11_09_2014 (13).JPG,mummified tissue,
UT67-14D_11_09_2014 (14).JPG,mummified tissue,
UT67-14D_11_08_2014 (11).JPG,mummified tissue,
UT67-14D_11_08_2014 (13).JPG,mummified tissue,
UT67-14D_11_08_2014 (17).JPG,mummified tissue,
UT67-14D_11_08_2014 (35).JPG,mummified tissue,
UT67-14D_11_08_2014 (37).JPG,mummified tissue arm,
UT67-14D_11_08_2014 (40).JPG,mummified tissue arm,
UT67-14D_11_08_2014 (43).JPG,mummified tissue leg,
UT67-14D_11_08_2014 (47).JPG,mummified tissue leg,
UT67-14D_11_08_2014 (49).JPG,mummified tissue leg,
UT67-14D_11_08_2014 (51).JPG,mummified tissue leg,
UT67-14D_11_08_2014 (53).JPG,mummified tissue leg,
UT67-14D_11_08_2014 (54).JPG,mummified tissue leg,
UT67-14D_11_08_2014 (55).JPG,mummified tissue scalp,
UT67-14D_11_08_2014 (57).JPG,mummified tissue leg,
UT67-14D_11_08_2014 (60).JPG,mummified tissue leg,
UT67-14D_11_08_2014 (68).JPG,mummified tissue scalp,
UT67-14D_11_08_2014 (69).JPG,mummified tissue skull,
UT67-14D_11_08_2014 (69).JPG,mummified tissue scalp,
UT67-14D_11_08_2014 (72).JPG,mummified tissue scalp,
UT67-14D_11_08_2014 (72).JPG,mummified tissue skull,
UT67-14D_11_09_2014 (24).JPG,mummified tissue,
UT67-14D_11_09_2014 (32).JPG,mummified tissue leg,
UT67-14D_11_09_2014 (34).JPG,mummified tissue leg,
UT67-14D_11_09_2014 (36).JPG,mummified tissue,
UT67-14D_11_09_2014 (45).JPG,mummified tissue,
UT67-14D_11_09_2014 (50).JPG,mummified tissue arm,
UT67-14D_11_09_2014 (50).JPG,mummified tissue leg,
UT67-14D_11_09_2014 (52).JPG,mummified tissue arm,
UT67-14D_11_09_2014 (60).JPG,mummified tissue leg,
UT67-14D_11_09_2014 (62).JPG,mummified tissue leg,
UT67-14D_11_09_2014 (64).JPG,mummified tissue leg,
UT67-14D_11_09_2014 (68).JPG,mummified tissue leg,
UT67-14D_11_09_2014 (70).JPG,mummified tissue skull,
UT67-14D_11_09_2014 (71).JPG,mummified tissue leg,
UT67-14D_11_09_2014 (85).JPG,mummified tissue skull,
UT67-14D_11_09_2014 (86).JPG,mummified tissue skull,
UT01-15D_09_10_2015 (3.JPG,mummified tissue,
UT01-15D_09_10_2015 (5.JPG,mummified tissue,
UT01-15D_09_10_2015 (7.JPG,mummified tissue,
UT01-15D_09_10_2015 (9.JPG,mummified tissue,
UT01-15D_09_11_2015 (10.JPG,mummified tissue,
UT01-15D_09_11_2015 (11.JPG,mummified tissue,
UT01-15D_09_10_2015 (22.JPG,mummified tissue,
UT01-15D_09_10_2015 (41.JPG,mummified tissue,
UT01-15D_09_10_2015 (43.JPG,mummified tissue,
UT01-15D_09_10_2015 (63.JPG,mummified tissue,
UT01-15D_09_10_2015 (65.JPG,mummified tissue,
UT01-15D_09_10_2015 (67.JPG,mummified tissue,
UT01-15D_09_10_2015 (68.JPG,mummified tissue,
UT01-15D_09_10_2015 (69.JPG,mummified tissue,
UT01-15D_09_10_2015 (71.JPG,mummified tissue,
UT01-15D_01_02_2016 (2.JPG,mummification,
UT01-15D_01_02_2016 (4.JPG,mummification,
UT01-15D_01_02_2016 (70.JPG,mummification,
UT35-15D_01_02_2016 (10.JPG,mummification,
UT35-15D_01_02_2016 (4.JPG,mummification torso,
UT35-15D_01_02_2016 (4.JPG,mummification left leg,
UT35-15D_01_02_2016 (4.JPG,mummification right leg,
UT35-15D_01_02_2016 (69.JPG,mummification leg,
UT35-15D_01_02_2016 (70.JPG,mummification leg,
UT35-15D_01_02_2016 (8.JPG,mummification,
UT35-15D_01_02_2016 (9.JPG,mummification,
UT35-15D_01_09_2016 (10.JPG,mummification leg,
UT30-15D_09-21-2015 (10).JPG,mummification torso,
UT30-15D_09-21-2015 (10).JPG,mummification right leg,
UT30-15D_09-21-2015 (10).JPG,mummification left leg,
UT66-16D_09_28_2016 (2).JPG,mummification,
UT35-15D_01_09_2016 (42.JPG,mummification left leg,
UT35-15D_01_09_2016 (42.JPG,mummification right leg,
UT06-15D_09_17_2015 (3.JPG,mummification left arm,
UT06-15D_06_25_2015 (2).JPG,mummification abdomen,
UT06-15D_05_23_2015 (15).JPG,mummification head,
UT06-15D_05_23_2015 (2).JPG,mummification,
UT35-15D_01_09_2016 (41.JPG,mummification left leg,
UT35-15D_01_09_2016 (41.JPG,mummification right leg,
UT35-15D_01_09_2016 (40.JPG,mummification left leg,
UT35-15D_01_09_2016 (39.JPG,mummification left leg,
UT35-15D_01_09_2016 (39.JPG,mummification,
UT35-15D_01_09_2016 (38.JPG,mummification torso,
UT35-15D_01_09_2016 (38.JPG,mummification leg,
UT35-15D_01_09_2016 (37.JPG,mummification leg,
UT35-15D_01_09_2016 (37.JPG,mummification torso,
UT35-15D_01_09_2016 (32.JPG,mummification,
UT35-15D_01_09_2016 (32.JPG,mummification leg,
UT35-15D_01_09_2016 (31.JPG,mummification,
UT35-15D_01_09_2016 (31.JPG,mummification leg,
UT35-15D_01_09_2016 (3.JPG,mummification left leg,
UT35-15D_01_09_2016 (3.JPG,mummification torso,
UT35-15D_01_09_2016 (26.JPG,mummification torso,
UT35-15D_01_09_2016 (25.JPG,mummification torso,
UT35-15D_01_09_2016 (22.JPG,mummification arm,
UT35-15D_01_09_2016 (18.JPG,mummification right leg,
UT35-15D_01_09_2016 (18.JPG,mummification bone exposure fibula,
UT35-15D_01_09_2016 (16.JPG,mummification upper leg,
UT35-15D_01_09_2016 (16.JPG,mummification lower leg,
UT35-15D_01_09_2016 (12.JPG,mummification,
UT35-15D_01_09_2016 (12.JPG,mummification abdomen,
UT35-15D_01_09_2016 (11.JPG,mummification upper leg,
UT35-15D_01_09_2016 (11.JPG,mummification,
UT35-15D_01_09_2016 (10.JPG,mummification upper leg,
UT35-15D_01_02_2016 (60.JPG,mummification left leg,
UT35-15D_01_02_2016 (59.JPG,mummification,
UT35-15D_01_02_2016 (5.JPG,mummification left leg,
UT35-15D_01_02_2016 (5.JPG,mummification left leg,
UT35-15D_01_02_2016 (47.JPG,mummification torso,
UT35-15D_01_02_2016 (45.JPG,mummification,
UT35-15D_01_02_2016 (43.JPG,mummification,
UT35-15D_01_02_2016 (41.JPG,mummification leg,
UT35-15D_01_02_2016 (40.JPG,mummification,
UT35-15D_01_02_2016 (40.JPG,mummification,
UT35-15D_01_02_2016 (40.JPG,mummification,
UT35-15D_01_02_2016 (40.JPG,mummification,
UT35-15D_01_02_2016 (4.JPG,mummification,
UT35-15D_01_02_2016 (39.JPG,mummification,
UT35-15D_01_02_2016 (39.JPG,mummification,
UT35-15D_01_02_2016 (39.JPG,mummification,
UT35-15D_01_02_2016 (4.JPG,mummification,
UT35-15D_01_02_2016 (38.JPG,mummification,
UT35-15D_01_02_2016 (36.JPG,mummification leg,
UT35-15D_01_02_2016 (35.JPG,mummification leg,
UT35-15D_01_02_2016 (26.JPG,mummification left leg,
UT35-15D_01_02_2016 (26.JPG,mummification,
UT35-15D_01_02_2016 (25.JPG,mummification,
UT35-15D_01_02_2016 (21.JPG,mummification,
UT35-15D_01_02_2016 (62.JPG,mummification,
UT35-15D_01_09_2016 (43.JPG,mummificaation,
UT06-15D_09_17_2015 (13.JPG,mummification,
UT70-15D_03_06_2016 (18).JPG,mummification,
UT70-15D_03_08_2016 (45).JPG,mummification,
UT71-15D_02_09_2016 (11).JPG,mummification,
UT01-16D_04_23_2016 (10).JPG,mummification,
UT01-16D_04_23_2016 (11).JPG,mummification,
UT01-16D_04_23_2016 (12).JPG,mummification,
UT01-16D_04_23_2016 (13).JPG,mummification,
UT01-16D_04_23_2016 (13).JPG,mummification,
UT01-16D_04_23_2016 (15).JPG,mummification,
UT01-16D_04_23_2016 (16).JPG,mummification,
UT01-16D_04_23_2016 (17).JPG,mummification,
UT01-16D_04_23_2016 (18).JPG,mummification,
UT01-16D_04_23_2016 (19).JPG,mummification,
UT01-16D_04_23_2016 (2).JPG,mummification,
UT01-16D_04_23_2016 (20).JPG,mummification,
UT01-16D_04_23_2016 (21).JPG,mummification,
UT01-16D_04_23_2016 (22).JPG,mummification,
UT01-15D_03_19_2016 (30).JPG,validate mummification 0.9185135 YES,
UT01-15D_03_19_2016 (30).JPG,validate mummification 0.9871043 YES,
UT66-15D_01_22_2016 (47).JPG,validate mummification 0.99700016 YES,
UT35-15D_01_02_2016 (11.JPG,mummification,
UT35-15D_01_02_2016 (17.JPG,mummification,
UT35-15D_01_02_2016 (22.JPG,mummification,
UT35-15D_01_02_2016 (23.JPG,mummification left leg,
UT35-15D_01_02_2016 (23.JPG,mummification right leg,
UT35-15D_01_02_2016 (24.JPG,mummification right leg,
UT35-15D_01_02_2016 (25.JPG,mummification left leg,
UT35-15D_01_02_2016 (25.JPG,mummification torso,
UT35-15D_01_02_2016 (27.JPG,mummification left leg,
UT35-15D_01_02_2016 (28.JPG,mummification left leg,
UT35-15D_01_02_2016 (29.JPG,mummification leg,
UT35-15D_01_02_2016 (3.JPG,mummification left leg,
UT35-15D_01_02_2016 (3.JPG,mummification right leg,
UT35-15D_01_02_2016 (3.JPG,mummification torso,
UT35-15D_01_02_2016 (3.JPG,mummification right arm,
UT35-15D_01_02_2016 (31.JPG,mummification foot,
UT35-15D_01_02_2016 (32.JPG,mummification foot,
UT35-15D_01_02_2016 (33.JPG,mummification leg,
UT35-15D_01_02_2016 (34.JPG,mummification leg,
UT35-15D_01_02_2016 (37.JPG,mummification torso,
UT35-15D_01_02_2016 (37.JPG,mummification right leg,
UT35-15D_01_02_2016 (37.JPG,mummification left leg,
UT35-15D_01_02_2016 (38.JPG,mummification torso,
UT35-15D_01_02_2016 (38.JPG,mummification left leg,
UT35-15D_01_02_2016 (38.JPG,mummification right leg,
UT35-15D_01_02_2016 (39.JPG,mummification right leg,
UT35-15D_01_02_2016 (40.JPG,mummification foot,
UT35-15D_01_02_2016 (40.JPG,mummification leg,
UT35-15D_01_02_2016 (42.JPG,mummification leg,
UT35-15D_01_02_2016 (44.JPG,mummification,
UT35-15D_01_02_2016 (45.JPG,mummification,
UT35-15D_01_02_2016 (46.JPG,mummification,
UT35-15D_01_02_2016 (46.JPG,mummification,
UT35-15D_01_02_2016 (47.JPG,mummification,
UT35-15D_01_02_2016 (48.JPG,mummification,
UT35-15D_01_02_2016 (48.JPG,mummification torso,
UT35-15D_01_02_2016 (5.JPG,mummification torso,
UT35-15D_01_02_2016 (5.JPG,mummification right leg,
UT35-15D_01_02_2016 (5.JPG,mummification right arm,
UT35-15D_01_02_2016 (51.JPG,mummification,
UT35-15D_01_02_2016 (52.JPG,mummification,
UT35-15D_01_02_2016 (59.JPG,mummification right leg,
UT35-15D_01_02_2016 (59.JPG,mummification right arm,
UT35-15D_01_02_2016 (59.JPG,mummification torso,
UT35-15D_01_02_2016 (59.JPG,mummification left leg,
UT35-15D_01_02_2016 (60.JPG,mummification right leg,
UT35-15D_01_02_2016 (60.JPG,mummification torso,
UT35-15D_01_02_2016 (60.JPG,mummification right arm,
UT35-15D_01_02_2016 (60.JPG,mummification left leg,
UT35-15D_01_02_2016 (61.JPG,mummification left leg,
UT35-15D_01_02_2016 (62.JPG,mummification left leg,
UT35-15D_01_02_2016 (63.JPG,mummification left leg,
UT35-15D_01_02_2016 (64.JPG,mummification left leg,
UT35-15D_01_02_2016 (65.JPG,mummification leg,
UT35-15D_01_02_2016 (66.JPG,mummification leg,
UT35-15D_01_02_2016 (67.JPG,mummification bone exposure foot,
UT35-15D_01_09_2016 (13.JPG,mummification foot,
UT35-15D_01_09_2016 (13.JPG,mummification lower leg,
UT35-15D_01_09_2016 (14.JPG,mummification foot,
UT35-15D_01_09_2016 (14.JPG,mummification lower leg,
UT35-15D_01_09_2016 (15.JPG,mummification lower leg,
UT35-15D_01_09_2016 (15.JPG,mummification upper leg,
UT35-15D_01_09_2016 (17.JPG,mummification right leg,
UT35-15D_01_09_2016 (17.JPG,mummification bone exposure right fibula,
UT35-15D_01_09_2016 (19.JPG,mummification right arm,
UT35-15D_01_09_2016 (19.JPG,mummification torso,
UT35-15D_01_09_2016 (20.JPG,mummification right arm,
UT35-15D_01_09_2016 (20.JPG,mummification torso,
UT35-15D_01_09_2016 (21.JPG,mummification arm,
UT35-15D_01_09_2016 (23.JPG,mummification arm,
UT35-15D_01_09_2016 (24.JPG,mummification arm,
UT35-15D_01_09_2016 (25.JPG,mummification,
UT35-15D_01_09_2016 (26.JPG,mummification arm,
UT35-15D_01_09_2016 (27.JPG,mummification,
UT35-15D_01_09_2016 (28.JPG,mummification,
UT35-15D_01_09_2016 (29.JPG,mummification,
UT35-15D_01_09_2016 (3.JPG,mummification right arm,
UT35-15D_01_09_2016 (3.JPG,mummification right leg,
UT35-15D_01_09_2016 (31.JPG,mummification torso post bloat,
UT35-15D_01_09_2016 (32.JPG,post-bloat mummification torso,
UT35-15D_01_09_2016 (33.JPG,mummification torso,
UT35-15D_01_09_2016 (34.JPG,mummification torso,
UT35-15D_01_09_2016 (35.JPG,mummification torso,
UT35-15D_01_09_2016 (36.JPG,mummification torso,
UT35-15D_01_09_2016 (39.JPG,mummification torso post-bloat collapse,
UT35-15D_01_09_2016 (39.JPG,mummification right arm,
UT35-15D_01_09_2016 (39.JPG,mummification right leg,
UT35-15D_01_09_2016 (4.JPG,mummification right arm,
UT35-15D_01_09_2016 (4.JPG,mummification right leg,
UT35-15D_01_09_2016 (4.JPG,mummification torso post-bloat collapse,
UT35-15D_01_09_2016 (4.JPG,mummification left leg,
UT35-15D_01_09_2016 (40.JPG,mummification desiccation,
UT35-15D_01_09_2016 (41.JPG,mummification torso,
UT35-15D_01_09_2016 (41.JPG,mummification right arm,
UT35-15D_01_09_2016 (42.JPG,mummification torso,
UT35-15D_01_09_2016 (43.JPG,mummification desiccation torso,
UT01-15D_01_02_2016 (12.JPG,mummification skull,
UT01-15D_01_02_2016 (3.JPG,mummification torso,
UT01-15D_01_02_2016 (3.JPG,mummification right leg,
UT01-15D_01_02_2016 (3.JPG,mummification left leg,
UT01-15D_01_09_2016 (53.JPG,mummification desiccation skull cranium,
UT01-15D_01_09_2016 (4.JPG,mummification right leg,
UT01-15D_01_09_2016 (4.JPG,mummification torso,
UT01-15D_01_09_2016 (4.JPG,mummification bone exposure left leg,
UT05-15D_09_27_2015 (12).JPG,mummification bone exposure skull head,
UT06-15D_05_23_2015 (2).JPG,mummification bone exposure skull head,
UT06-15D_05_23_2015 (2).JPG,mummification right leg,
UT06-15D_05_23_2015 (2).JPG,mummification left leg,
UT06-15D_05_23_2015 (2).JPG,mummification right foot,
UT06-15D_05_23_2015 (2).JPG,mummification left foot,
UT06-15D_05_23_2015 (2).JPG,mummification left arm,
UT06-15D_06_25_2015 (2).JPG,mummification right leg,
UT06-15D_06_25_2015 (2).JPG,mummification right foot,
UT06-15D_06_25_2015 (2).JPG,mummification left foot,
UT06-15D_06_25_2015 (2).JPG,mummification left leg,
UT06-15D_09_17_2015 (13.JPG,mummification chest,
UT06-15D_09_17_2015 (3.JPG,mummification bone exposure right arm hand,
UT06-15D_09_17_2015 (3.JPG,bone exposure mummification head,
UT06-15D_09_17_2015 (3.JPG,mummification torso,
UT06-15D_09_17_2015 (3.JPG,mummification right leg foot,
UT06-15D_09_17_2015 (3.JPG,mummification left leg foot,
UT56-16D_08_13_2016 (13).JPG,mummification,
UT25-16D_05_22_2016 (14).JPG,mummification right leg,
UT09-15D_02_28_2016 (42).JPG,validate mummification 0.8518499 YES,
UT09-15D_02_28_2016 (64).JPG,validate mummification 0.9909184 YES,
UT67-15D_02_16_2016 (9).JPG,validate mummification 0.99975795 YES,
UT74-15D_09_11_2016 (57).JPG,validate mummification 0.9982668 YES,
UT56-16D_08_10_2016 (9).JPG,validate mummification 0.9995602 YES,
UT56-16D_08_13_2016 (8).JPG,validate mummification 0.71985716 YES,
UT56-16D_08_28_2016 (27).JPG,validate mummification 0.9962269 YES,
UT56-16D_09_02_2016 (25).JPG,validate mummification 0.99936825 YES,
UT56-16D_09_09_2016 (14).JPG,validate mummification 0.9591284 YES,
UT01-15D_02_06_2016 (40).JPG,mummification,
UT01-15D_02_06_2016 (40).JPG,mummification,
UT01-15D_02_06_2016 (40).JPG,mummification,
UT09-15D_02_28_2016 (64).JPG,mummification,
UT66-15D_01_22_2016 (47).JPG,mummification,
UT74-15D_09_11_2016 (57).JPG,mummification,
UT74-15D_09_11_2016 (57).JPG,mummification,
UT74-15D_09_11_2016 (57).JPG,mummification,
UT74-15D_09_11_2016 (57).JPG,mummification,
UT56-16D_08_28_2016 (27).JPG,mummification,
UT35-15D_01_02_2016 (26.JPG,mummification,
UT35-15D_01_02_2016 (26.JPG,mummification,
UT35-15D_01_02_2016 (26.JPG,mummification,
UT30-15D_09-21-2015 (10).JPG,mummification,
UT30-15D_09-21-2015 (10).JPG,mummification,
UT30-15D_09-21-2015 (10).JPG,mummification,
UT06-15D_06_25_2015 (2).JPG,mummification,
UT06-15D_06_25_2015 (2).JPG,mummification,
UT01-15D_01_09_2016 (4.JPG,mummification,
UT01-15D_01_09_2016 (4.JPG,mummification,
UT01-15D_01_09_2016 (4.JPG,mummification,
UT01-15D_01_09_2016 (4.JPG,mummification,
UT01-15D_01_09_2016 (4.JPG,mummification,
UT35-15D_01_09_2016 (41.JPG,mummification,
UT35-15D_01_09_2016 (34.JPG,mummification,
UT35-15D_01_09_2016 (34.JPG,mummification,
UT35-15D_01_09_2016 (24.JPG,mummification,
UT35-15D_01_09_2016 (24.JPG,mummification,
UT35-15D_01_09_2016 (24.JPG,mummification,
UT35-15D_01_02_2016 (65.JPG,mummification,
UT35-15D_01_02_2016 (59.JPG,mummification,
UT35-15D_01_02_2016 (46.JPG,mummification,
UT35-15D_01_02_2016 (38.JPG,mummification,
UT35-15D_01_02_2016 (38.JPG,mummification,
UT35-15D_01_02_2016 (38.JPG,mummification,
UT35-15D_01_02_2016 (3.JPG,mummification,
UT35-15D_01_02_2016 (3.JPG,mummification,
UT35-15D_01_02_2016 (3.JPG,mummification,
UT01-15D_01_02_2016 (70.JPG,mummification,
UT01-15D_01_02_2016 (70.JPG,mummification,
UT01-16D_04_23_2016 (21).JPG,mummification,
UT01-16D_04_23_2016 (21).JPG,mummification,
UT01-16D_04_23_2016 (21).JPG,mummification,
UT74-15D_09_11_2016 (57).JPG,mummification,
UT70-15D_03_06_2016 (18).JPG,mummification,
UT56-16D_09_09_2016 (14).JPG,mummification,
UT56-16D_09_09_2016 (14).JPG,mummification,
UT56-16D_09_09_2016 (14).JPG,mummification,
UT35-15D_01_02_2016 (36.JPG,mummification,
UT35-15D_01_02_2016 (36.JPG,mummification,
UT35-15D_01_02_2016 (41.JPG,mummification,
UT35-15D_01_02_2016 (41.JPG,mummification,
UT35-15D_01_09_2016 (21.JPG,mummification,
UT35-15D_01_09_2016 (21.JPG,mummification,
UT35-15D_01_09_2016 (13.JPG,mummification,
UT56-16D_08_13_2016 (13).JPG,mummification,
UT63-16D_10_05_2016 (32).JPG,mummification,
UT35-15D_01_09_2016 (25.JPG,mummification,
UT35-15D_01_09_2016 (25.JPG,mummification,
UT35-15D_01_09_2016 (38.JPG,mummification,
UT35-15D_01_09_2016 (42.JPG,mesh bag mummification foot,
UT06-15D_09_17_2015 (3.JPG,mummification,
UT06-15D_05_23_2015 (2).JPG,mummification,
UT06-15D_05_23_2015 (2).JPG,mummification,
UT35-15D_01_09_2016 (42.JPG,mummification,
UT35-15D_01_09_2016 (36.JPG,mummification,
UT35-15D_01_09_2016 (26.JPG,mummification,
UT35-15D_01_09_2016 (26.JPG,mummification,
UT35-15D_01_02_2016 (47.JPG,mummification,
UT35-15D_01_02_2016 (47.JPG,mummification,
UT35-15D_01_02_2016 (39.JPG,mummification,
UT35-15D_01_02_2016 (23.JPG,mummification,
UT35-15D_01_02_2016 (11.JPG,mummification,
UT35-15D_01_02_2016 (11.JPG,mummification,
UT35-15D_01_02_2016 (11.JPG,mummification,
UT35-15D_01_02_2016 (39.JPG,mummification,
UT35-15D_01_02_2016 (47.JPG,mummification,
UT35-15D_01_09_2016 (21.JPG,mummification,
UT01-16D_04_23_2016 (22).JPG,mummification,
UT01-16D_04_23_2016 (12).JPG,mummification,
UT67-15D_02_16_2016 (9).JPG,mummification,
UT67-15D_02_16_2016 (9).JPG,mummification,
UT68-15D_01_23_2016 (42).JPG,mummification,
UT35-15D_01_02_2016 (40.JPG,mummification,
UT35-15D_01_02_2016 (28.JPG,mummification,
UT35-15D_01_02_2016 (20.JPG,mummification,
UT39-16D_09_11_2016 (22).JPG,mummification,
UT39-16D_09_11_2016 (24).JPG,mummification,
UT40-16D_06_06_2016 (10).JPG,mummification,
UT40-16D_06_06_2016 (14).JPG,mummification,
UT40-16D_06_06_2016 (14).JPG,mummification,
UT40-16D_06_06_2016 (15).JPG,mummification,
UT40-16D_06_06_2016 (15).JPG,mummification,
UT40-16D_06_06_2016 (16).JPG,mummification,
UT40-16D_06_06_2016 (16).JPG,mummification,
UT40-16D_06_06_2016 (17).JPG,mummification,
UT40-16D_06_06_2016 (18).JPG,mummification,
UT40-16D_06_06_2016 (19).JPG,mummification,
UT40-16D_06_06_2016 (2).JPG,mummification,
UT40-16D_06_06_2016 (2).JPG,mummification,
UT40-16D_06_06_2016 (22).JPG,mummification,
UT39-16D_08_28_2016 (18).JPG,mummification,
UT39-16D_08_28_2016 (2).JPG,mummification,
UT39-16D_08_28_2016 (20).JPG,mummification,
UT39-16D_08_28_2016 (22).JPG,mummification,
UT39-16D_08_28_2016 (24).JPG,mummification,
UT39-16D_08_28_2016 (40).JPG,mummification,
UT39-16D_08_28_2016 (56).JPG,mummification,
UT39-16D_08_28_2016 (58).JPG,mummification,
UT39-16D_08_28_2016 (60).JPG,mummification,
UT39-16D_08_28_2016 (62).JPG,mummification,
UT39-16D_08_28_2016 (64).JPG,mummification,
UT70-15D_03_04_2016 (5).JPG,mummification,
UT52-16D_08_01_2016 (21).JPG,mummification,
UT55-15D_11_15_2015 (14).JPG,mummification,
UT12-12D_05_31_12 (3).JPG,mummification,
UT12-12D_05_31_12 (3).JPG,mummification,
UT37-15D_07_25_2015 (56.JPG,mummification,
UT80-12D_02_06_13 (11).JPG,mummification,
UT58-13D_11_06_13 (25).JPG,mummification,
UT18-15D_05_13_2015 (33).JPG,mummification,
UT75-14D_09_30_2014 (45).JPG,mummification,
UT03-14D_02_25_14 (41).JPG,mummification,
UT22-15D_07_10_2015 (17).JPG,mummification,
UT69-13D_12_21_13 (46).JPG,mummification,
UT04-15D_09_27_2015 (37).JPG,mummification,
UT04-14D_04_30_14 (7).JPG,mummification,
UT80-12D_02_09_13 (15).JPG,mummification,
UT46-15D_11_06_2015  (19).JPG,mummification,
UT26-16D_10_09_2016 (24).JPG,mummification,
UT79-13D_05_05_14 (34).JPG,mummification,
UT21-16D_08_04_2016 (8).JPG,mummification,
UT57-14D_07_21_14 (12).JPG,mummification,
UT83-14D_11_01_2014 (25).JPG,mummification,
UT54-15D_11_28_2015 (10).JPG,mummification,
UT35-15D_09_09_2015 (22.JPG,mummification,
UT35-15D_09_09_2015 (22.JPG,mummification,
UT104-14D_05_08_2015 (12).JPG,mummification,
UT104-14D_05_08_2015 (12).JPG,mummification,
UT13-12D_08_04_12 (22).JPG,mummification,
UT40-13D_08_12_13 (15).JPG,mummification,
UT17-15D_05_11_2015 (27).JPG,mummification,
UT08-15D_04_25_2015 (47).JPG,mummification,
UT104-14D_04_27_2015 (47).JPG,mummification,
UT46-15D_10_15_2015 (29).JPG,mummification,
UT46-15D_10_15_2015 (29).JPG,mummification,
UT04-15D_04_09_2015 (33).JPG,mummification,
UT75-14D_09_27_2014 (39).JPG,mummification,
UT104-14D_08_06_2015 (5).JPG,mummification,
UT25-16D_09_10_2016 (2).JPG,mummification,
UT18-15D_06_29_2015 (16).JPG,mummification,
UT40-16D_06_13_2016 (13).JPG,mummification,
UT45-16D_07_11_2016 (15).JPG,mummification,
UT03-15D_05_03_2015 (43).JPG,mummification,
UT55-15D_11_08_2015 (4).JPG,mummification,
UT33-15D_06_04_2015 (6).JPG,mummification,
UT33-15D_06_04_2015 (6).JPG,mummification,
UT49-15D_10_23_2015 (41).JPG,mummification,
